{"cameraMode":{"drawMode":0,"name":"Shaded","section":"Shading Mode"},"sceneLighting":false,"audioPlay":false,"sceneViewState":{"m_AlwaysRefresh":false,"showFog":true,"showSkybox":false,"showFlares":true,"showImageEffects":true,"showParticleSystems":true,"showVisualEffectGraphs":true,"m_FxEnabled":true},"in2DMode":false,"pivot":{"x":16.069833755493165,"y":1.9458847045898438,"z":0.08376443386077881},"rotation":{"x":-0.05458337813615799,"y":-0.7007854580879211,"z":0.0539337582886219,"w":-0.7092381119728088},"size":4.990612506866455,"orthographic":true}