{"cameraMode":{"drawMode":0,"name":"Shaded","section":"Shading Mode"},"sceneLighting":false,"audioPlay":false,"sceneViewState":{"m_AlwaysRefresh":false,"showFog":true,"showSkybox":false,"showFlares":true,"showImageEffects":true,"showParticleSystems":true,"showVisualEffectGraphs":true,"m_FxEnabled":true},"in2DMode":false,"pivot":{"x":-35.28993225097656,"y":0.4999885559082031,"z":-15.748226165771485},"rotation":{"x":-0.16898256540298463,"y":-0.012716210447251797,"z":0.0021841495763510467,"w":-0.985542356967926},"size":2.598076105117798,"orthographic":true}