{"cameraMode":{"drawMode":0,"name":"Shaded","section":"Shading Mode"},"sceneLighting":true,"audioPlay":false,"sceneViewState":{"m_AlwaysRefresh":false,"showFog":true,"showSkybox":true,"showFlares":true,"showImageEffects":true,"showParticleSystems":true,"showVisualEffectGraphs":true,"m_FxEnabled":true},"in2DMode":false,"pivot":{"x":19.814279556274415,"y":2.137873649597168,"z":11.194541931152344},"rotation":{"x":-0.07790444046258927,"y":-0.021240390837192537,"z":0.00166462198831141,"w":-0.9967601895332336},"size":12.039817810058594,"orthographic":true}