{"cameraMode":{"drawMode":0,"name":"Shaded","section":"Shading Mode"},"sceneLighting":true,"audioPlay":false,"sceneViewState":{"m_AlwaysRefresh":false,"showFog":true,"showSkybox":true,"showFlares":true,"showImageEffects":true,"showParticleSystems":true,"showVisualEffectGraphs":true,"m_FxEnabled":true},"in2DMode":false,"pivot":{"x":-4.963787078857422,"y":1.1832923889160157,"z":-1.0428640842437745},"rotation":{"x":0.3067728281021118,"y":0.46006399393081667,"z":-0.17316946387290955,"w":0.8150117993354797},"size":25.85300064086914,"orthographic":true}