{"cameraMode":{"drawMode":0,"name":"Shaded","section":"Shading Mode"},"sceneLighting":false,"audioPlay":false,"sceneViewState":{"m_AlwaysRefresh":false,"showFog":true,"showSkybox":false,"showFlares":true,"showImageEffects":true,"showParticleSystems":true,"showVisualEffectGraphs":true,"m_FxEnabled":true},"in2DMode":false,"pivot":{"x":5.494266033172607,"y":3.91965913772583,"z":3.1258065700531008},"rotation":{"x":0.040906939655542377,"y":0.22524520754814149,"z":-0.009464972652494908,"w":0.9733986854553223},"size":2.0238537788391115,"orthographic":true}