{"cameraMode":{"drawMode":0,"name":"Shaded","section":"Shading Mode"},"sceneLighting":true,"audioPlay":false,"sceneViewState":{"m_AlwaysRefresh":false,"showFog":true,"showSkybox":true,"showFlares":true,"showImageEffects":true,"showParticleSystems":true,"showVisualEffectGraphs":true,"m_FxEnabled":true},"in2DMode":false,"pivot":{"x":-1.6184272766113282,"y":28.34624671936035,"z":-21.976158142089845},"rotation":{"x":-0.05144143104553223,"y":-0.4828917384147644,"z":0.028434092178940774,"w":-0.8737175464630127},"size":31.818788528442384,"orthographic":true}