{"cameraMode":{"drawMode":0,"name":"Shaded","section":"Shading Mode"},"sceneLighting":true,"audioPlay":false,"sceneViewState":{"m_AlwaysRefresh":false,"showFog":true,"showSkybox":true,"showFlares":true,"showImageEffects":true,"showParticleSystems":true,"showVisualEffectGraphs":true,"m_FxEnabled":true},"in2DMode":false,"pivot":{"x":-2.5062732696533205,"y":9.076652526855469,"z":-9.491118431091309},"rotation":{"x":-0.00780616607517004,"y":-0.02939767949283123,"z":0.0002287472743773833,"w":-0.9995427131652832},"size":5.452104091644287,"orthographic":false}