{"cameraMode":{"drawMode":0,"name":"Shaded","section":"Shading Mode"},"sceneLighting":true,"audioPlay":false,"sceneViewState":{"m_AlwaysRefresh":false,"showFog":true,"showSkybox":true,"showFlares":true,"showImageEffects":true,"showParticleSystems":true,"showVisualEffectGraphs":true,"m_FxEnabled":true},"in2DMode":false,"pivot":{"x":0.29352402687072756,"y":0.24316561222076417,"z":-6.846955299377441},"rotation":{"x":-0.16934296488761903,"y":0.45509129762649538,"z":-0.08861371874809265,"w":-0.8696919679641724},"size":0.8660253882408142,"orthographic":false}