{"cameraMode":{"drawMode":0,"name":"Shaded","section":"Shading Mode"},"sceneLighting":false,"audioPlay":false,"sceneViewState":{"m_AlwaysRefresh":false,"showFog":true,"showSkybox":false,"showFlares":true,"showImageEffects":true,"showParticleSystems":true,"showVisualEffectGraphs":true,"m_FxEnabled":true},"in2DMode":false,"pivot":{"x":0.7501733899116516,"y":1.0603500604629517,"z":-0.18329262733459474},"rotation":{"x":0.0539732351899147,"y":0.004493354819715023,"z":-0.00024288627901114523,"w":0.9985325336456299},"size":1.787386417388916,"orthographic":true}