{"cameraMode":{"drawMode":0,"name":"Shaded","section":"Shading Mode"},"sceneLighting":false,"audioPlay":false,"sceneViewState":{"m_AlwaysRefresh":false,"showFog":true,"showSkybox":false,"showFlares":true,"showImageEffects":true,"showParticleSystems":true,"showVisualEffectGraphs":true,"m_FxEnabled":true},"in2DMode":false,"pivot":{"x":-0.9580020308494568,"y":0.32456135749816897,"z":-0.6256420612335205},"rotation":{"x":0.2507961690425873,"y":0.0011755292071029544,"z":-0.0003026423219125718,"w":0.9680487513542175},"size":1.9886797666549683,"orthographic":false}