{"cameraMode":{"drawMode":0,"name":"Shaded","section":"Shading Mode"},"sceneLighting":false,"audioPlay":false,"sceneViewState":{"m_AlwaysRefresh":false,"showFog":true,"showSkybox":false,"showFlares":true,"showImageEffects":true,"showParticleSystems":true,"showVisualEffectGraphs":true,"m_FxEnabled":true},"in2DMode":false,"pivot":{"x":6.383111000061035,"y":0.9509596824645996,"z":1.1102638244628907},"rotation":{"x":0.14770549535751344,"y":0.39646416902542117,"z":-0.06479505449533463,"w":0.9037721753120422},"size":1.8558417558670045,"orthographic":true}