{"cameraMode":{"drawMode":0,"name":"Shaded","section":"Shading Mode"},"sceneLighting":false,"audioPlay":false,"sceneViewState":{"m_AlwaysRefresh":false,"showFog":true,"showSkybox":false,"showFlares":true,"showImageEffects":true,"showParticleSystems":true,"showVisualEffectGraphs":true,"m_FxEnabled":true},"in2DMode":false,"pivot":{"x":-0.7035975456237793,"y":2.1154351234436037,"z":-4.6919660568237309},"rotation":{"x":-0.17264002561569215,"y":-0.09381520748138428,"z":0.016521058976650239,"w":-0.9803690910339356},"size":2.124408483505249,"orthographic":true}