{"cameraMode":{"drawMode":0,"name":"Shaded","section":"Shading Mode"},"sceneLighting":false,"audioPlay":false,"sceneViewState":{"m_AlwaysRefresh":false,"showFog":true,"showSkybox":false,"showFlares":true,"showImageEffects":true,"showParticleSystems":true,"showVisualEffectGraphs":true,"m_FxEnabled":true},"in2DMode":false,"pivot":{"x":-29.46245002746582,"y":10.095017433166504,"z":-17.277877807617189},"rotation":{"x":-0.09851056337356568,"y":-0.11260242760181427,"z":0.011222172528505326,"w":-0.9886871576309204},"size":1.7320507764816285,"orthographic":true}