{"cameraMode":{"drawMode":0,"name":"Shaded","section":"Shading Mode"},"sceneLighting":false,"audioPlay":false,"sceneViewState":{"m_AlwaysRefresh":false,"showFog":true,"showSkybox":false,"showFlares":true,"showImageEffects":true,"showParticleSystems":true,"showVisualEffectGraphs":true,"m_FxEnabled":true},"in2DMode":false,"pivot":{"x":-13.09000015258789,"y":0.13234862685203553,"z":6.6399993896484379},"rotation":{"x":0.5484436750411987,"y":-0.0012566398363560439,"z":0.0008192228269763291,"w":0.836190402507782},"size":0.7316754460334778,"orthographic":true}