{"cameraMode":{"drawMode":0,"name":"Shaded","section":"Shading Mode"},"sceneLighting":true,"audioPlay":false,"sceneViewState":{"m_AlwaysRefresh":false,"showFog":true,"showSkybox":true,"showFlares":true,"showImageEffects":true,"showParticleSystems":true,"showVisualEffectGraphs":true,"m_FxEnabled":true},"in2DMode":false,"pivot":{"x":0.5697417259216309,"y":1.5541460514068604,"z":-0.5580649375915527},"rotation":{"x":-0.15147580206394196,"y":-0.38160473108291628,"z":0.06352265179157257,"w":-0.9096410870552063},"size":3.273195743560791,"orthographic":true}