{"cameraMode":{"drawMode":0,"name":"Shaded","section":"Shading Mode"},"sceneLighting":false,"audioPlay":false,"sceneViewState":{"m_AlwaysRefresh":false,"showFog":true,"showSkybox":false,"showFlares":true,"showImageEffects":true,"showParticleSystems":true,"showVisualEffectGraphs":true,"m_FxEnabled":true},"in2DMode":false,"pivot":{"x":-0.21836286783218385,"y":0.07568371295928955,"z":0.056464582681655887},"rotation":{"x":0.5891320705413818,"y":0.2067229449748993,"z":-0.15924514830112458,"w":0.7647587060928345},"size":1.1339688301086426,"orthographic":true}