{"cameraMode":{"drawMode":0,"name":"Shaded","section":"Shading Mode"},"sceneLighting":false,"audioPlay":false,"sceneViewState":{"m_AlwaysRefresh":false,"showFog":true,"showSkybox":false,"showFlares":true,"showImageEffects":true,"showParticleSystems":true,"showVisualEffectGraphs":true,"m_FxEnabled":true},"in2DMode":false,"pivot":{"x":11.720000267028809,"y":0.7771610021591187,"z":-4.039999961853027},"rotation":{"x":0.1949680596590042,"y":-0.051746319979429248,"z":0.010303343646228314,"w":0.979398787021637},"size":2.246083974838257,"orthographic":false}